,0.002081
0,-0.010736
1,-0.002669
2,-0.008246
3,-0.029663
4,0.012417000000000001
5,0.013744999999999999
6,0.006111999999999999
7,-0.007526000000000001
8,0.011337999999999999
9,0.017774
10,-0.00796
11,-0.008003
12,-0.005659
13,-0.000668
14,0.012612
15,0.008709
16,0.008215
17,-0.005286
18,0.021412
19,0.004724
20,0.0008939999999999999
21,-0.003336
22,0.008888
23,-0.001698
24,0.008182
25,0.000981
26,0.0040479999999999995
27,-0.003954
28,0.002617
29,0.009112
30,-0.0036810000000000002
31,0.005765999999999999
32,0.0038
33,-0.007301
34,0.011974
35,0.0055320000000000005
36,0.000638
37,-0.001562
38,0.004123
39,-0.004458
40,-0.011725
41,0.019941
42,-0.003201
43,0.011346
44,0.003965
45,0.0013570000000000001
46,-0.001224
47,0.009975
48,0.001093
49,0.004692
50,0.003887
51,0.008643999999999999
52,-0.0032840000000000005
53,0.009219
54,-0.0033640000000000002
55,-0.001025
56,-0.004869
57,-0.001725
58,0.007498
59,0.005808
60,0.010702
61,0.0024010000000000004
62,-0.001175
63,-0.010549
64,-0.0071200000000000005
65,0.008187
66,-0.0008820000000000001
67,0.0054600000000000004
68,0.003199
69,-0.009961
70,0.013129
71,0.000828
72,0.002687
73,0.0034340000000000004
74,-0.009694
75,-0.010431999999999999
76,-0.019278999999999998
77,-0.0013160000000000001
78,0.008773
79,0.015639
80,0.008320000000000001
81,0.0009539999999999999
82,-0.005855
83,-0.009484000000000001
84,-0.008851000000000001
85,0.01187
86,-0.001353
87,0.008268000000000001
88,0.002751
89,-0.0013310000000000002
90,-0.007731999999999999
91,-0.002624
92,0.0033450000000000003
93,0.008598
94,-0.003949
95,-0.0037409999999999995
96,-0.014813
97,-0.0016359999999999999
98,0.004915999999999999
99,-0.006177
100,0.000146
101,0.002053
102,-0.009595000000000001
103,0.011175
104,0.017381
105,0.0016690000000000001
106,0.0024100000000000002
107,-0.00548
108,-0.015913
109,0.0038909999999999995
110,-0.019865999999999998
111,0.009823
112,0.017947
113,-0.000668
114,-0.00517
115,0.002353
116,0.014728999999999999
117,0.01196
118,-0.003177
119,0.003471
120,0.004668
121,-0.004084
122,0.012981999999999999
123,-0.0018629999999999999
124,0.009498999999999999
125,-0.0022890000000000002
126,0.010140999999999999
127,-0.006695
128,0.00498
129,0.0007379999999999999
130,0.010633
131,-0.002352
132,0.007814
133,0.0023309999999999997
134,-0.002232
135,-0.016071000000000002
136,-0.000849
137,-0.0209
138,0.000921
139,0.005671
140,-0.014843
141,-0.00445
142,0.015765
143,-0.019493
144,-0.007343000000000001
145,-0.036244
146,0.008683
147,0.007581999999999999
148,-0.000165
149,-0.005790999999999999
150,-0.013073
151,0.014256
152,-0.008586
153,-0.011312000000000001
154,0.019684
155,0.016176
156,-0.0028510000000000002
157,-0.005883
158,-0.009545
159,0.006437000000000001
160,0.004337
161,-0.007932999999999999
162,-0.038369
163,-0.014818000000000001
164,-0.068014
165,0.038609
166,-0.0037909999999999997
167,-0.008288
168,-0.008520999999999999
169,0.050898
170,-0.016863999999999997
171,-0.025849
172,0.029452999999999997
173,0.020474000000000003
174,0.00773
175,0.007515999999999999
176,-0.025452000000000002
177,0.0011970000000000001
178,0.003725
179,0.005606
180,0.035410000000000004
181,-0.021921
182,0.001946
183,0.003771
184,0.000314
185,-0.030514
186,-0.030107
187,0.016433
188,-0.014003
189,-0.0040149999999999995
190,-0.014127
191,-0.011579
192,0.026004000000000003
193,0.013531
194,-0.002916
195,0.010786
196,0.041729
197,0.008525
198,0.005651
199,0.001449
200,0.00563
201,0.008
202,-0.007241
203,0.001541
204,-0.006509
205,0.002581
206,0.016702
207,0.011731
208,0.011768
209,-0.000683
210,0.0070480000000000004
211,0.013569
212,0.006314
213,-0.009474
214,-0.001716
215,-0.006461
216,-0.002926
217,0.007184
218,0.009007
219,0.003046
220,0.004529
221,0.007103
222,0.009491
223,0.021193
224,-0.004393
225,0.003279
226,0.004566
227,-0.024037
228,0.010011
229,-0.003428
230,-0.018022999999999997
231,0.023127
232,0.009313
233,-0.005321
234,0.001786
235,-0.015606
236,0.001236
237,-0.021655
238,0.018953
239,-0.0007650000000000001
240,0.015525
241,0.006822
242,0.012466
243,0.000606
244,0.020746
245,-0.001847
246,-0.0006360000000000001
247,0.013316999999999999
248,-0.007956
249,-0.002191
250,-0.000919
251,0.013581000000000001
252,0.02214
253,-0.0020510000000000003
254,0.004221
255,-0.008791
256,-0.019281
257,-0.004122
258,-0.017991999999999998
259,0.025631
260,0.0070290000000000005
261,0.0036899999999999997
262,-0.017077000000000002
263,-0.008071
264,0.007174
265,0.014854
266,-0.007298000000000001
267,0.017856999999999998
268,0.011276999999999999
269,-0.005188
270,-0.008648000000000001
271,0.007987000000000001
272,-0.018536
273,-0.00728
274,0.003525
275,-0.022213999999999998
276,0.006093
277,0.024919
278,-0.019066
279,0.009543000000000001
280,-0.014365000000000001
281,0.010824
282,0.0015429999999999999
283,0.026588999999999998
284,-0.000754
285,-0.013978999999999998
286,-0.006693000000000001
287,-0.005372999999999999
288,-0.0017519999999999999
289,-0.008623
290,0.001795
291,0.015427000000000001
292,0.023126
293,0.005692
294,-0.0022530000000000002
295,0.005469
296,0.008423
297,-0.002381
298,0.009786
299,-0.000688
300,-0.006537
301,0.014431
302,-0.01311
303,-0.001754
304,-0.026883999999999998
305,0.00511
306,0.016869
307,-0.005573
308,0.021336
309,-0.007189
310,-0.011054999999999999
311,0.005713
312,0.021179
313,-0.002444
314,0.006829000000000001
315,0.012879
316,0.003251
317,0.007624
318,-0.006484
319,-0.015839
320,-0.004207
321,-0.0029100000000000003
322,-0.02238
323,0.012943000000000001
324,0.022928999999999998
325,0.016996
326,-0.001457
327,0.0023510000000000002
328,0.002029
329,-0.008723999999999999
330,-0.005981
331,-0.005696
332,0.014566999999999998
333,-0.016705
334,0.011493000000000001
335,-0.011326000000000001
336,0.009720999999999999
337,-0.0034939999999999997
338,0.011422
339,0.006189
340,0.0026089999999999998
341,-0.021761000000000003
342,0.001263
343,-0.004606
344,0.008182
345,-0.004017
346,-0.006378
347,-0.017769999999999998
348,-0.017028
349,0.015851
350,-0.017896000000000002
351,0.015943000000000002
352,-0.005822
353,0.000424
354,0.003653
355,0.021707
356,0.005098
357,-0.012881
358,0.0009939999999999999
359,-0.011997
360,-0.007045999999999999
361,0.000278
362,0.005533
363,0.022479
364,0.007133
365,0.002194
366,0.004587
367,-0.009725
368,-0.0021100000000000003
369,-0.012962000000000001
370,-0.000357
371,0.012194
372,0.015097
373,0.015731000000000002
374,0.00601
375,0.007429000000000001
376,-0.002228
377,0.005575
378,-0.001031
379,0.006353
380,-0.002978
381,-0.003959000000000001
382,0.0033079999999999997
383,0.008189
384,0.006498
385,-0.007844
386,-0.021702000000000003
387,0.00159
388,-0.013281999999999999
389,-0.002961
390,-0.006765
391,0.011188
392,0.0018780000000000001
393,-0.017848
394,-0.009179000000000001
395,-0.000504
396,-0.00442
397,-0.012744
398,0.006418999999999999
399,-0.010215
400,-0.0019140000000000001
401,-0.012613
402,0.015997
403,-0.002895
404,0.022739
405,0.002327
406,0.010061
407,-0.008421
408,-0.006940000000000001
409,0.009836
410,0.017664
411,0.002411
412,0.013413999999999999
413,-0.014313999999999999
414,-0.010088
415,-0.017986000000000002
416,-0.002726
417,0.008073
418,-0.008985
419,0.028905
420,-0.005002
421,-0.004665
422,0.002611
423,0.002968
424,-0.00557
425,-0.005832
426,-0.013709
427,0.000386
428,0.012847999999999998
429,8.2e-05
430,-0.020928
431,0.00224
432,-0.022968000000000002
433,-0.002382
434,0.004658
435,-0.0008640000000000001
436,-0.010786
437,0.011304999999999999
438,7.7e-05
439,0.016986
440,-0.002491
441,0.01848
442,-0.005854
443,0.013949000000000001
444,-0.000606
445,-0.016604
446,-0.020936
447,-0.001656
448,-0.028057
449,0.005386999999999999
450,0.005733
451,0.022286
452,-0.0045130000000000005
453,0.014053999999999999
454,-0.006161
455,-0.009059000000000001
456,0.011545
457,0.035266000000000006
458,0.015262999999999999
459,-0.006464
460,-0.004711
461,0.005334
462,0.00569
463,0.00557
464,0.004947999999999999
465,-0.008518000000000001
466,0.005991
467,0.005824
468,0.010568000000000001
469,-0.001196
470,0.018387
471,-0.006562999999999999
472,0.010087
473,-0.0020629999999999997
474,-0.000745
475,-0.011470999999999999
476,0.008856000000000001
477,-0.000324
478,-0.006204
479,-0.013438999999999998
480,0.006343
481,0.008098000000000001
482,0.017217
483,-0.006948
484,-0.009955
485,-0.0037530000000000003
486,0.003013
487,0.006340999999999999
488,-0.001284
489,-0.008514
490,0.007240000000000001
491,0.003856
492,0.001599
493,-0.002082
494,0.010817
495,0.001883
496,0.015465000000000001
497,-0.000857
498,0.000391
499,0.003978
500,0.0006900000000000001
501,0.0032630000000000003
502,-0.009549
503,-0.038344
504,0.0019219999999999999
505,0.0009550000000000001
506,0.027089999999999996
507,0.011189
508,-0.013062
509,-0.004386
510,0.012169
511,0.010671
512,-0.0068319999999999995
513,0.000522
514,-0.007095000000000001
515,-0.002912
516,-0.027632999999999998
517,0.006064
518,-0.004212
519,-0.0039380000000000005
520,-0.027456
521,0.025217
522,0.010627
523,-0.000113
524,0.011248000000000001
525,-0.000421
526,-9.1e-05
527,0.012273000000000001
528,-0.020822
529,0.003633
530,-0.020968999999999998
531,0.002032
532,0.008712000000000001
533,-0.010256
534,0.000417
535,-0.030369
536,0.004516
537,0.0063
538,-0.005335
539,-0.014828000000000001
540,0.011017
541,0.013627
542,0.009345000000000001
543,0.0018629999999999999
544,0.019837
545,-0.012695
546,-0.025631
547,0.008173
548,0.025601
549,-0.004722
550,-0.008206999999999999
551,-0.017685
552,0.024272
553,0.047646
554,0.004113
555,-0.005353
556,0.025565
557,0.004531
558,0.017799000000000002
559,7.2e-05
560,-0.002356
561,-0.010584
562,0.000523
563,-0.013655
564,0.007164
565,0.0049310000000000005
566,-0.007462999999999999
567,-0.004922999999999999
568,0.009392
569,0.009997
570,-0.007840999999999999
571,-0.002572
572,-0.022271
573,-0.018171
574,-0.058276999999999995
575,0.033083
576,0.028663
577,-0.009807999999999999
578,0.004952000000000001
579,-0.0032619999999999997
580,0.033275
581,-0.011134
582,0.002689
583,-0.008526
584,0.010892
585,-0.014956
586,-0.021565
587,-0.003907
588,0.016359000000000002
589,-0.005905
590,-0.008447
591,-0.020599
592,0.017902
593,0.009340000000000001
594,0.022097
595,0.009419
596,-0.012440999999999999
597,-0.007314
598,-0.021054
599,-0.0044280000000000005
600,-0.019175
601,0.018335
602,-0.012529
603,-0.0025329999999999997
604,0.032241000000000006
605,-0.0013
606,0.019857
607,0.019636
608,-0.006518
609,-0.006670000000000001
610,0.009273
611,-0.006585
612,-0.003229
613,-0.007515000000000001
614,0.01621
615,0.0007480000000000001
616,0.005569
617,-0.00965
618,0.014708
619,-0.006763
620,0.002154
621,-0.01822
622,-0.007368
623,0.009594
624,-0.0032700000000000003
625,0.002943
626,-0.008544
627,0.008465
628,0.01027
629,-0.015862
630,0.0072180000000000005
631,0.01526
632,-0.0022170000000000002
633,0.003564
634,0.00813
635,0.001955
636,0.009452
637,0.000337
638,-0.011089
639,-0.007886
640,0.009183
641,-0.010283
642,-0.010740999999999999
643,0.006952
644,-0.014953999999999999
645,-0.001927
646,-0.020508000000000002
647,0.007704000000000001
648,0.0050799999999999994
649,0.000417
650,0.009633
651,0.007139
652,0.011203
653,0.002352
654,-0.006696
655,-0.008568000000000001
656,0.007936
657,0.013397999999999998
658,-0.0047799999999999995
659,-0.003085
660,0.01096
661,-0.002907
662,0.005202
663,-0.0009
664,0.005233
665,0.001553
666,-0.001233
667,0.005071
668,-0.002806
669,-0.004801
670,0.010042
671,0.002036
672,-0.009002
673,-0.00984
674,0.006875
675,-0.005331
676,-0.0035060000000000004
677,-0.004881
678,0.00197
679,-0.0027199999999999998
680,-0.010169
681,-0.014531
682,0.010654
683,-0.005863
684,-0.001577
685,-0.000227
686,-0.0066879999999999995
687,-0.008213
688,-0.00044800000000000005
689,0.022234999999999998
690,-0.014934999999999999
691,-0.000194
692,-0.006802
693,0.00551
694,0.001366
695,-0.019
696,-0.004939
697,-0.010705
698,-0.016171
699,-0.025509
700,0.033381
701,0.000327
702,-0.017932
703,-0.005807
704,0.034743
705,0.005882
706,-0.0008230000000000001
707,0.0016829999999999998
708,-0.023767
709,-0.000337
710,0.011096
711,0.01383
712,0.021978
713,-0.005722
714,0.004995
715,-0.001141
716,0.003855
717,-0.000223
718,-0.015776
719,-0.0064849999999999994
720,-0.024397
721,-0.010776
722,0.023452
723,0.00496
724,-0.012584
725,-0.003351
726,-0.018351
727,0.003522
728,-0.018547
729,0.014678
730,0.005365999999999999
731,-0.009548000000000001
732,0.0043549999999999995
733,-0.02009
734,0.000212
735,0.007405
736,0.038921
737,-0.018219
738,-0.005852
739,0.019604
740,0.007526000000000001
741,-0.006534999999999999
742,-0.008159999999999999
743,-0.014013999999999999
744,-0.021462000000000002
745,0.00807
746,-0.012957
747,-0.031294999999999996
748,0.008001000000000001
749,0.024402
750,0.007059
751,0.010439
752,0.003988
753,-0.010448
754,-0.028031
755,0.050098000000000004
756,-0.010551999999999999
757,-0.026242
758,-0.001917
759,0.003812
760,0.009586
761,0.010317
762,-0.006406
763,0.006318
764,0.002125
765,0.013915
766,-0.00402
767,0.00026000000000000003
768,0.013031000000000001
769,0.002866
770,-0.0049759999999999995
771,-0.0018850000000000002
772,0.006804000000000001
773,0.007006999999999999
774,-0.005619
775,0.005461
776,-0.017473
777,0.0035859999999999998
778,-0.001513
779,-0.008408
780,-0.006234
781,-0.013335
782,0.011826999999999999
783,-0.008652
784,-0.002183
785,0.008123
786,-0.018905
787,-0.017356
788,-0.018507
789,-0.0019510000000000003
790,-0.005555
791,0.017488999999999998
792,-0.007659
793,-0.014309
794,0.0010400000000000001
795,-0.005679
796,0.0058579999999999995
797,0.00998
798,0.006451999999999999
799,0.002258
800,-0.024763
801,-0.04318
802,0.014828000000000001
803,-0.025842
804,0.005871
805,-0.019624000000000003
806,0.017626
807,-0.024077
808,-0.017922999999999998
809,-0.004063000000000001
810,0.019909
811,0.011281999999999999
812,0.025574
813,-0.024429
814,-0.00463
815,0.010784
816,-0.012461
817,-0.034393
818,-0.0029010000000000004
819,0.043680000000000004
820,-0.019983
821,0.008117000000000001
822,0.027065
823,-0.002131
824,0.015104
825,-0.0032270000000000003
826,0.010282
827,0.03889
828,0.01255
829,-0.00855
830,-0.014980000000000002
831,-0.012161
832,0.01594
833,0.004695
834,0.015009
835,-0.002865
836,0.013588999999999999
837,0.000781
838,-0.014872
839,0.01444
840,-0.002447
841,-0.0018280000000000002
842,-0.004487
843,-0.000286
844,-0.007576
845,0.0026089999999999998
846,0.00041600000000000003
847,0.028451999999999998
848,0.002723
849,0.002693
850,0.016153
851,-0.002627
852,-0.015526
853,0.003196
854,-0.011815
855,-0.007794
856,-0.015655000000000002
857,0.006201
858,0.0038619999999999995
859,0.005108
860,0.01299
861,-0.010548
862,0.005456
863,-0.009396999999999999
864,-0.008355
865,0.001163
866,-0.011346
867,-0.017501
868,-0.004516
869,-0.004883
870,0.0034340000000000004
871,0.008708
872,0.011364
873,-0.009448999999999999
874,-0.005508
875,-0.001509
876,-0.004676
877,0.012493
878,-0.001451
879,0.010045
880,-0.001835
881,-0.012320999999999999
882,-0.023497999999999998
883,0.006878
884,-0.014397
885,-0.001134
886,0.023691
887,0.00624
888,-0.010882
889,0.009970999999999999
890,-0.005541
891,0.006052
892,-0.003432
893,-0.016368
894,-0.016271
895,0.016079
896,0.010449
897,0.002402
898,-0.001078
899,0.00557
900,0.0038799999999999998
901,0.003964
902,-0.005242
903,-0.011420999999999999
904,0.0032649999999999997
905,-0.017328
906,-8.4e-05
907,0.005686
908,0.000949
909,-0.003827
910,-0.007339
911,0.003089
912,-0.016662
913,0.008124
914,-0.012079000000000001
915,0.006956
916,-0.002763
917,0.019653999999999998
918,-0.0048270000000000006
919,-0.015009999999999999
920,-0.011114
921,-0.017038
922,0.00403
923,-0.0005639999999999999
924,-0.001059
925,-0.02239
926,-0.018637
927,0.006225
928,-0.049214999999999995
929,-0.005804
930,-0.016112
931,-0.031058999999999996
932,-0.019034
933,0.038983
934,0.008789
935,-0.005166
936,0.011489
937,0.021922
938,-0.0022960000000000003
939,0.012305
940,0.019927
941,-0.00248
942,0.001645
943,-0.008343999999999999
944,-0.0053549999999999995
945,0.022938
946,0.015208000000000001
947,-0.005266
948,-0.001529
949,0.006934999999999999
950,-0.018632
951,-0.007873
952,0.004557
953,0.015296
954,-0.004697
955,0.00038700000000000003
956,0.01372
957,0.004108
958,-0.023818000000000002
959,-0.017165
960,-9e-06
961,0.022948
962,0.002859
963,0.014385
964,0.014525999999999999
965,-0.002734
966,0.002455
967,0.001582
968,-0.0017670000000000001
969,0.018563
970,0.001861
971,0.0009019999999999999
972,-0.0031420000000000003
973,0.010898
974,-0.007297
975,-0.004927
976,0.011705
977,0.006154
978,-0.006842
979,-0.018251
980,0.010348999999999999
981,-0.000657
982,-0.008381
983,0.013187
984,0.022318
985,-0.0027760000000000003
986,-0.007531
987,-0.015867
988,-0.00278
989,0.000272
990,-0.015557
991,0.003314
992,0.010034
993,0.007546
994,0.005809
995,-0.008376999999999999
996,0.004351
997,-0.00020899999999999998
998,0.004123
999,0.006751000000000001
1000,0.003361
1001,-0.011145
1002,0.0057399999999999994
1003,0.009179999999999999
1004,0.006213000000000001
1005,-0.006498
1006,-0.003588
1007,-0.004797999999999999
1008,0.00122
1009,-0.009467
1010,-0.0062759999999999995
1011,0.006834000000000001
1012,-0.016245
1013,0.010029999999999999
1014,-0.009922
1015,-0.007334
1016,0.007923999999999999
1017,0.003518
1018,0.000998
1019,-0.000194
1020,-0.028612000000000002
1021,0.011747
1022,0.014933000000000002
1023,-0.007078
1024,-0.024737000000000002
1025,-0.004038
1026,-0.005972
1027,-0.003082
1028,0.014858000000000001
1029,0.01434
1030,-0.003993
1031,0.009941
1032,-0.001814
1033,-0.011016
1034,-0.018872999999999997
1035,0.013512999999999999
1036,-0.01551
1037,0.008223999999999999
1038,0.017975
1039,-4.5e-05
1040,0.000459
1041,-0.0028469999999999997
1042,0.022634
1043,0.019491
1044,-0.006673
1045,0.014509000000000001
1046,-0.004497
1047,0.005848
1048,0.003392
1049,-0.002294
1050,-0.009857
1051,-0.000909
1052,0.011378000000000001
1053,-0.000523
1054,0.004065999999999999
1055,-0.015756
1056,0.00151
1057,-0.0042380000000000004
1058,-0.014650999999999999
1059,0.005848
1060,0.0053490000000000005
1061,0.002455
1062,-0.00074
1063,-0.00853
1064,-0.009993
1065,0.0008349999999999999
1066,-0.0032049999999999995
1067,0.00228
1068,-0.0066560000000000005
1069,0.011334
1070,-0.023688999999999998
1071,0.006631999999999999
1072,-0.007614
1073,0.023418
1074,-0.002038
1075,-0.0014199999999999998
1076,0.0006219999999999999
1077,-0.015411000000000001
1078,-0.006201
1079,-0.007102
1080,-0.001518
1081,-0.013888999999999999
1082,-0.010099
1083,0.010765
1084,0.008858
1085,-0.001748
1086,-0.010262
1087,-0.019339
1088,-0.00302
1089,0.037502999999999995
1090,-0.014547
1091,-0.016793000000000002
1092,0.018549
1093,0.021143000000000002
1094,-0.005659
1095,0.006562
1096,0.007612000000000001
1097,-0.013293000000000001
1098,-0.01099
1099,0.005685
1100,0.010183
1101,-0.012086
1102,-0.008553
1103,-0.006411
1104,-0.002809
1105,0.002329
1106,-0.024794999999999998
1107,9e-06
1108,0.008849
1109,-0.019763
1110,-0.001574
1111,0.003123
1112,-0.016628
1113,0.00657
1114,-0.010487
1115,-0.002268
1116,0.028691
1117,0.000936
1118,-0.016535
1119,-0.013431
1120,-0.017041999999999998
1121,0.003619
1122,-0.016701
1123,-0.002673
1124,0.017575
1125,-0.0008269999999999999
1126,-0.021387
1127,-0.021225
1128,0.006222999999999999
1129,0.036729000000000005
1130,-0.012183
1131,-0.024719
1132,-0.033961
1133,0.007495999999999999
1134,-0.006448000000000001
1135,-0.0037549999999999997
1136,-0.018389
1137,0.005536999999999999
1138,-0.027018
1139,-0.038341
1140,-0.032922
1141,-0.027017000000000003
1142,0.057314
1143,-0.005619
1144,0.016883000000000002
1145,0.054077999999999994
1146,0.004249
1147,0.009791
1148,-0.029573000000000002
1149,-0.023082
1150,-0.034296
1151,0.029918
1152,0.02001
1153,0.032722
1154,0.003512
1155,-0.005326
1156,-0.021675
1157,0.040047
1158,0.011559
1159,-0.00159
1160,0.023633
1161,-0.013978
1162,0.012726000000000001
1163,0.014051
1164,-0.022686
1165,0.007534999999999999
1166,-0.01385
1167,-0.018131
1168,-7.6e-05
1169,-0.001884
1170,-0.041536000000000003
1171,0.017516
1172,-0.01595
1173,0.0168
1174,0.010112000000000001
1175,0.007331
1176,-0.00014199999999999998
1177,-0.024784
1178,0.0032689999999999998
1179,0.001449
1180,-0.019728
1181,-0.004647
1182,-0.030063999999999997
1183,0.002454
1184,-0.013827
1185,-0.017284
1186,0.024862000000000002
1187,0.018209
1188,-0.032258999999999996
1189,-0.014612
1190,0.040023
1191,-0.023587
1192,-0.010822
1193,-0.022431
1194,-0.019111000000000003
1195,0.016898
1196,-0.027286
1197,0.034964999999999996
1198,0.039057999999999995
1199,0.007326000000000001
1200,0.047335
1201,-0.024112
1202,0.022300999999999998
1203,0.005903
1204,0.017333
1205,-0.010625
1206,0.006717
1207,-0.01522
1208,0.017166999999999998
1209,-0.008265999999999999
1210,-0.009076
1211,0.009703
1212,-0.005557
1213,0.017159999999999998
1214,0.008202
1215,0.00775
1216,0.009143
1217,-0.022852
1218,-0.008763
1219,-0.020732
1220,0.0077150000000000005
1221,-0.000475
1222,0.024633000000000002
1223,0.006148
1224,-0.010408
1225,-0.00402
1226,0.019413999999999997
1227,0.021450999999999998
1228,-0.003437
1229,0.002503
1230,-0.020978
1231,0.027986
1232,-0.002726
1233,-0.0019010000000000001
1234,-0.014745
1235,-0.003453
1236,-0.012009
1237,0.006265
1238,-0.022175999999999998
1239,0.013956999999999999
1240,0.000563
1241,-0.0037229999999999997
1242,-0.013431
1243,0.023518999999999998
1244,-0.008139
1245,-0.013144999999999999
1246,-0.007709000000000001
1247,0.013005000000000001
1248,0.001819
1249,-0.005471
1250,-0.003148
1251,-0.016028
1252,0.004557
1253,0.000488
1254,0.033199
1255,-0.000484
1256,0.022474
1257,-0.0065439999999999995
1258,-0.014085
1259,0.019397
1260,-1e-05
1261,-0.0014119999999999998
1262,0.005829
1263,-0.014425
1264,-0.003942
1265,-0.014016999999999998
1266,-0.015702
1267,-0.010431999999999999
1268,0.010223000000000001
1269,-0.029233
1270,-0.016159
1271,0.01305
1272,0.006778
1273,-0.022849
1274,0.013130000000000001
1275,0.005399
1276,-0.014087
1277,-0.005435
1278,-0.006448000000000001
1279,-0.010093000000000001
1280,0.007568999999999999
1281,-0.008098000000000001
1282,-0.012686
1283,-0.0016
1284,0.021434
1285,0.019499000000000002
1286,-0.007095999999999999
1287,-0.009501
1288,0.013224000000000001
1289,-0.01838
1290,0.007194
1291,-0.013141
1292,0.011757
1293,0.004622
1294,-0.007537
1295,-0.015356
1296,0.009562000000000001
1297,-0.009339
1298,0.008259
1299,-0.025829
1300,-0.008359
1301,0.004321
1302,0.034457
1303,0.0016460000000000001
1304,0.035426
1305,0.004242
1306,0.008736
1307,0.001887
1308,0.022976
1309,-0.035231
1310,0.012161
1311,-0.005475
1312,-0.001643
1313,-0.005779
1314,-0.017741
1315,0.012143000000000001
1316,0.026115
1317,-0.005051
1318,0.002738
1319,0.001228
1320,-0.0018629999999999999
1321,-0.014003999999999999
1322,0.006455
1323,-0.0037630000000000003
1324,0.019497
1325,0.0063030000000000004
1326,-0.012236
1327,0.015535
1328,-0.001756
1329,0.021703
1330,0.008393000000000001
1331,-0.008258
1332,-0.013846
1333,0.017834
1334,0.003279
1335,-0.0010019999999999999
1336,-0.000676
1337,0.015038
1338,-0.003795
1339,0.008461
1340,-0.005104
1341,-0.010057
1342,0.014278
1343,0.012534
1344,-0.002973
1345,-0.003204
1346,0.007867
1347,-0.002503
1348,-0.024916999999999998
1349,-0.001129
1350,0.004012
1351,0.00915
1352,0.001448
1353,0.019566
1354,0.0018280000000000002
1355,-0.0037549999999999997
1356,0.014688999999999999
1357,0.0035380000000000003
1358,0.004715
1359,0.015109000000000001
1360,0.003954
1361,-0.002403
1362,-0.011976
1363,0.009129
1364,0.012834
1365,0.001032
1366,-0.009914
1367,0.022384
1368,0.00091
1369,-0.001551
1370,-0.015236000000000001
1371,0.000995
1372,-0.01411
1373,0.001843
1374,-0.008265999999999999
1375,0.010765
1376,-0.009738
1377,-0.001761
1378,0.008024
1379,0.011635
1380,-0.0081
1381,0.018991
1382,0.003404
1383,-0.005586
1384,-0.01348
1385,0.009547
1386,0.00573
1387,-0.003426
1388,-0.006417
1389,-0.012343999999999999
1390,0.011805
1391,-0.014616999999999998
1392,0.009511
1393,0.0005059999999999999
1394,-0.007090000000000001
1395,0.0174
1396,-0.0021620000000000003
1397,-0.007265000000000001
1398,-0.001809
1399,0.002855
1400,-0.010259
1401,0.002724
1402,-0.017662999999999998
1403,0.0016769999999999999
1404,0.007279000000000001
1405,0.0035619999999999996
1406,0.003068
1407,0.009953
1408,-0.006381
1409,0.006585
1410,0.000161
1411,0.009155
1412,0.0026100000000000003
1413,-0.002045
1414,0.0029690000000000003
1415,-0.010176000000000001
1416,0.000654
1417,0.003039
1418,5.9999999999999995e-05
1419,0.006069
1420,0.005155
1421,0.013868
1422,0.004187
1423,0.001656
1424,-0.0064
1425,0.010034999999999999
1426,-0.00821
1427,-0.011972
1428,0.0054399999999999995
1429,0.0021739999999999997
1430,-0.00375
1431,0.014297999999999998
1432,-0.003254
1433,0.013265
1434,-0.0031550000000000003
1435,-0.013007
1436,0.006071
1437,-0.019094999999999997
1438,-0.006053
1439,-0.006399
1440,0.00976
1441,-0.01054
1442,0.022340000000000002
1443,0.001983
1444,0.009419
1445,0.004369
1446,0.004737
1447,-0.005263
1448,0.004788000000000001
1449,-0.0006450000000000001
1450,0.007022
1451,0.00395
1452,-0.002591
1453,0.0031620000000000003
1454,-0.010237000000000001
1455,0.005157
1456,0.001292
1457,-0.014980000000000002
1458,0.0033090000000000003
1459,-0.0047009999999999994
1460,0.002157
1461,0.015187
1462,0.00126
1463,-0.001116
1464,0.0036
1465,0.007908
1466,-0.005448
1467,-0.001367
1468,0.005932
1469,-0.004574
1470,-0.005790999999999999
1471,-0.000515
1472,0.011456000000000001
1473,-0.00014099999999999998
1474,-0.007615
1475,-0.006397
1476,-0.009082999999999999
1477,0.008015999999999999
1478,-0.008431999999999999
1479,0.001576
1480,0.016227000000000002
1481,0.00172
1482,0.004326
1483,-0.000236
1484,0.011264
1485,-0.0032700000000000003
1486,-0.001771
1487,0.004686
1488,-0.007684000000000001
1489,0.007348
1490,-0.008528
1491,-0.001065
1492,0.011481
1493,0.002735
1494,-0.005678
1495,0.006638
1496,0.001255
1497,0.011797
1498,-0.000468
1499,0.003922
1500,0.0028179999999999998
1501,-0.0018059999999999999
1502,0.0016899999999999999
1503,0.0124
1504,0.000144
1505,0.002054
1506,-0.003093
1507,0.012395
1508,0.001292
1509,0.002367
1510,0.004963
1511,-0.008887
1512,0.004786
1513,-0.005331
1514,0.008294
1515,0.001353
1516,0.006872
1517,-0.0009289999999999999
1518,0.007770999999999999
1519,-0.003206
1520,-0.002089
1521,0.012106
1522,-0.009797
1523,-0.013609
1524,0.004989
1525,-0.002627
1526,0.0036509999999999997
1527,0.000678
1528,-0.008371
1529,0.001837
1530,0.012555
1531,-0.002581
1532,0.005027
1533,0.010667
1534,-0.00488
1535,-0.005468
1536,0.009757
1537,-0.004468
1538,-0.004132
1539,-0.002571
1540,-0.002727
1541,-0.0016649999999999998
1542,0.00402
1543,0.001084
1544,2.6000000000000002e-05
1545,0.009633
1546,-0.005943
1547,0.0016879999999999998
1548,0.003336
1549,0.001714
1550,-0.00835
1551,-0.00577
1552,-0.014632
1553,-0.015222999999999999
1554,0.012459
1555,-0.014349
1556,0.005622
1557,0.011748999999999999
1558,-0.0012720000000000001
1559,-0.011173
1560,-0.012957
1561,-0.001323
1562,-0.0023940000000000003
1563,0.016365
1564,-0.001018
1565,0.013004
1566,0.004035
1567,-0.0007
1568,0.005292
1569,0.008514
1570,0.007672
1571,-0.002094
1572,-0.006645
1573,-0.00106
1574,0.0051600000000000005
1575,-0.013761
1576,-0.001124
1577,0.000593
1578,0.005111
1579,0.001066
1580,-0.015557
1581,0.005312
1582,0.014091
1583,0.000587
1584,-0.004445
1585,0.0022719999999999997
1586,-0.013793999999999999
1587,-0.00759
1588,-0.005915999999999999
1589,0.009202
1590,0.001843
1591,0.001768
1592,-0.006722
1593,-0.013725
1594,-0.010539
1595,0.007662
1596,0.0016699999999999998
1597,-0.0007650000000000001
1598,-0.000674
1599,-0.010586
1600,0.006816
1601,-0.002574
1602,0.000468
1603,0.004012
1604,0.001691
1605,0.016103
1606,0.001698
1607,0.005686
1608,-0.000535
1609,0.00046399999999999995
1610,0.0033799999999999998
1611,-0.007422
1612,0.005247
1613,0.015964
1614,0.0015429999999999999
1615,-0.009498999999999999
1616,0.004543
1617,-0.009837
1618,0.005971
1619,0.001369
1620,-0.001332
1621,0.002623
1622,-0.004158
1623,0.003636
1624,0.008506
1625,-0.00298
1626,-0.005453
1627,-0.0009519999999999999
1628,0.002514
1629,0.004083
1630,-0.01043
1631,-0.003153
1632,-0.008148
1633,0.0018989999999999999
1634,-0.008244
1635,0.003336
1636,0.0013830000000000001
1637,0.000708
1638,-0.0032909999999999997
1639,-0.0043
1640,-0.004789
1641,-0.00044400000000000006
1642,0.007056999999999999
1643,-0.013340000000000001
1644,0.002705
1645,-0.0097
1646,-0.00196
1647,0.009925
1648,0.000538
1649,0.004573
1650,0.001172
1651,0.0044469999999999996
1652,-0.006261999999999999
1653,-0.0009630000000000001
1654,-0.016319999999999998
1655,-0.01548
1656,0.001174
1657,0.012972999999999998
1658,-0.003011
1659,-0.011675
1660,0.0014759999999999999
1661,0.013655
1662,0.002195
1663,0.012443000000000001
1664,-0.003597
1665,0.006523999999999999
1666,-0.00243
1667,0.000465
1668,0.008
1669,0.000117
1670,0.002425
1671,-0.007781000000000001
1672,0.00463
1673,0.0015119999999999999
1674,0.011212
1675,-0.004184
1676,0.006887000000000001
1677,-0.004485
1678,0.0018899999999999998
1679,0.004953
1680,0.0016899999999999999
1681,0.002229
1682,-0.007054
1683,0.002793
1684,0.004494
1685,-0.005626
1686,0.006326
1687,-0.013937
1688,-0.0046689999999999995
1689,0.001578
1690,-0.005936
1691,0.005926
1692,0.00427
1693,-0.000197
1694,0.01518
1695,0.003243
1696,-0.000607
1697,0.006672
1698,-0.009982
1699,-0.007526000000000001
1700,0.0020050000000000003
1701,-0.0022670000000000004
1702,-0.0073
1703,-0.009302
1704,0.00445
1705,0.005251
1706,-0.009685
1707,0.000389
1708,0.002564
1709,-0.009715000000000001
1710,-0.000848
1711,0.01487
1712,0.012879
1713,0.001812
1714,0.002448
1715,0.00027400000000000005
1716,2.6000000000000002e-05
1717,0.011198
1718,0.016156
1719,0.0038729999999999997
1720,-0.001097
1721,-0.000695
1722,-0.001005
1723,0.009089
1724,0.009109
1725,-0.000304
1726,-0.007078
1727,0.005538
1728,0.001362
1729,-0.011161
1730,0.005895
1731,-0.000254
1732,0.0040950000000000005
1733,0.000753
1734,-0.0034490000000000002
1735,-0.00403
1736,0.014950999999999999
1737,-0.000872
1738,0.000705
1739,-0.000772
1740,-0.011073000000000001
1741,0.004876
1742,0.005436
1743,-0.001042
1744,0.008989
1745,0.00392
1746,0.0019440000000000002
1747,-0.002081
1748,-0.007470999999999999
1749,0.00036
1750,0.009040000000000001
1751,0.0034170000000000003
1752,0.000462
1753,-0.004305
1754,0.007154000000000001
1755,-7.4e-05
1756,8.2e-05
1757,-0.001343
1758,-0.008119
1759,-0.011670999999999999
1760,-0.0036270000000000004
1761,0.003505
1762,-0.001431
1763,0.0034219999999999997
1764,-0.006099
1765,0.003981
1766,-0.00863
1767,0.006004
1768,0.009674
1769,-0.00949
1770,-0.007783
1771,-0.006414
1772,-0.003527
1773,0.004004
1774,0.004843999999999999
1775,0.000408
1776,-0.002715
1777,0.008459999999999999
1778,0.00689
1779,0.0031780000000000003
1780,-0.0027649999999999997
1781,0.011043
1782,-0.001088
1783,0.000482
1784,-0.008575
1785,0.004211
1786,0.006925
1787,0.000696
1788,0.0032990000000000003
1789,0.000181
1790,-0.007923000000000001
1791,0.000699
1792,-0.014505
1793,0.005607
1794,0.007893
1795,0.009306
1796,-0.006414
1797,0.005658
1798,-0.000272
1799,0.000322
1800,0.009623999999999999
1801,0.0026100000000000003
1802,-0.004797999999999999
1803,-0.010185
1804,0.001855
1805,-0.0075829999999999995
1806,0.0056240000000000005
1807,-0.007523
1808,-0.008081
1809,0.001801
1810,-0.00047000000000000004
1811,-0.004934
1812,-0.010196
1813,0.000699
1814,-0.0009460000000000001
1815,0.002441
1816,-0.0075959999999999995
1817,0.013772
1818,-0.0006940000000000001
1819,-0.006495999999999999
1820,0.002728
1821,0.00448
1822,0.002268
1823,0.0059700000000000005
1824,-0.008343999999999999
1825,8e-06
1826,0.0055450000000000004
1827,-0.011761
1828,-0.010001000000000001
1829,-0.01672
1830,0.00294
1831,0.005933
1832,-0.013253999999999998
1833,0.019736
1834,-0.00675
1835,0.008662000000000001
1836,-0.008914
1837,0.004028
1838,-0.01138
1839,0.011922
1840,0.0045899999999999995
1841,-0.000851
1842,0.01247
1843,-0.002568
1844,-0.001091
1845,0.0063939999999999995
1846,-0.010705
1847,0.004193
1848,-0.010033
1849,-0.00458
1850,0.010086
1851,0.006957
1852,0.010018
1853,0.004656
1854,-0.001511
1855,0.003851
1856,0.000175
1857,-0.0034
1858,0.0063939999999999995
1859,0.000968
1860,-0.006072
1861,0.009039
1862,0.00168
1863,-0.006867
1864,0.001245
1865,-0.00020800000000000001
1866,-0.002163
1867,0.005239
1868,-0.002348
1869,0.002261
1870,0.002573
1871,0.0022170000000000002
1872,0.0036299999999999995
1873,0.004954
1874,-0.0007059999999999999
1875,-0.0020469999999999998
1876,0.00022200000000000003
1877,-0.010833
1878,-0.007628
1879,-0.0007379999999999999
1880,0.009137000000000001
1881,-0.001431
1882,-0.0071
1883,0.0026100000000000003
1884,0.008832
1885,-0.00834
1886,0.0024519999999999998
1887,0.011679
1888,0.006254
1889,0.002271
1890,0.000883
1891,0.002624
1892,0.001157
1893,-0.005529
1894,0.006731
1895,0.004758
1896,-0.006606
1897,0.005411
1898,-0.0037689999999999998
1899,0.0017329999999999997
1900,0.004572
1901,0.005603
1902,-0.007670000000000001
1903,0.000947
1904,0.007098999999999999
1905,0.000739
1906,-0.007373
1907,-0.007638
1908,-0.002682
1909,0.006744
1910,-0.001827
1911,0.007061
1912,-0.005994
1913,0.0028280000000000002
1914,-0.011775
1915,0.0007379999999999999
1916,-0.000999
1917,0.000566
1918,0.001656
1919,-0.0034049999999999996
1920,-0.006554000000000001
1921,0.002314
1922,-0.006012
1923,0.005958
1924,-0.003192
1925,0.009864
1926,0.001032
1927,-0.0029219999999999997
1928,0.012618
1929,0.002407
1930,-0.003793
1931,0.007964
1932,-0.000741
1933,-0.0075439999999999995
1934,-0.003281
1935,0.00046399999999999995
1936,0.008291
1937,-0.005565
1938,-0.007863
1939,-0.009120999999999999
1940,0.0036520000000000003
1941,0.000551
1942,0.000279
1943,2.4e-05
1944,0.001011
1945,0.008865999999999999
1946,0.0009199999999999999
1947,-0.0017170000000000002
1948,-0.009969
1949,-0.014887000000000001
1950,-0.0040950000000000005
1951,0.003701
1952,-0.007166
1953,-0.002071
1954,-0.006068
1955,-0.000713
1956,0.008267
1957,0.0029739999999999996
1958,-0.010048999999999999
1959,0.014955000000000001
1960,-0.015019
1961,0.001519
1962,0.016777
1963,-0.002367
1964,-0.004312
1965,-0.010475
1966,0.016549
1967,0.007176
1968,-0.0035210000000000003
1969,0.009977
1970,0.004264
1971,0.00016299999999999998
1972,0.002188
1973,-0.0034509999999999996
1974,0.0016899999999999999
1975,0.008445999999999999
1976,0.003054
1977,-0.0007769999999999999
1978,-0.00385
1979,0.00179
1980,0.009413
1981,0.0044009999999999995
1982,0.0052710000000000005
1983,0.005084
1984,0.003472
1985,0.002085
1986,-0.008506999999999999
1987,1.4999999999999999e-05
1988,-0.006361
1989,0.012157
1990,0.000324
1991,-0.002363
1992,0.001275
1993,-0.005009
1994,-0.001216
1995,0.00281
1996,0.0008410000000000001
1997,0.005553
1998,0.004189
1999,-0.0014140000000000001
2000,-0.002848
2001,-0.0058390000000000004
2002,-0.00023799999999999998
2003,0.002516
2004,0.004220000000000001
2005,0.000425
2006,-0.009553
2007,0.001297
2008,-0.00298
2009,-0.004886
2010,0.01643
2011,0.003672
2012,1.4999999999999999e-05
2013,0.009399
2014,0.0036560000000000004
2015,-0.000356
2016,0.003481
2017,-0.006274
2018,0.0012050000000000001
2019,-0.0036340000000000005
2020,-0.003897
2021,0.005563
2022,-0.018326
2023,0.001847
2024,0.002405
2025,-0.00172
2026,0.007234999999999999
2027,0.007763
2028,0.001152
2029,-0.0039829999999999996
2030,0.001859
2031,-0.009059999999999999
2032,-0.005358
2033,0.0007830000000000001
2034,-0.008094
2035,0.008662000000000001
2036,-0.001477
2037,0.002539
2038,-0.003259
2039,0.010032
2040,0.0035039999999999997
2041,0.007328
2042,-0.0016589999999999999
2043,-0.0032619999999999997
2044,0.0075049999999999995
2045,-0.003775
2046,0.001273
2047,0.0036369999999999996
2048,-0.0104
2049,0.008261
2050,-0.001626
2051,-0.0014810000000000001
2052,-0.006968000000000001
2053,-0.001861
2054,0.002029
2055,-0.00488
2056,0.007349
2057,0.001989
2058,0.010395999999999999
2059,0.004268999999999999
2060,0.001772
2061,0.00147
2062,-0.0016589999999999999
2063,-0.006014
2064,0.00602
2065,-0.002582
2066,0.000983
2067,-0.0010279999999999998
2068,-0.006437999999999999
2069,0.007469
2070,-0.002026
2071,-0.004168
2072,0.002301
2073,0.006256
2074,0.004311
2075,-0.0019210000000000002
2076,-0.010343000000000001
2077,0.000849
2078,-0.007735
2079,0.001204
2080,0.000776
2081,-0.002939
2082,0.017365000000000002
2083,0.001743
2084,0.001168
2085,-0.00013700000000000002
2086,-0.0024170000000000003
2087,-0.004869
2088,0.0028190000000000003
2089,0.0033009999999999997
2090,0.000679
2091,-0.004135
2092,0.006144
2093,-0.004081
2094,0.0033640000000000002
2095,0.010295
2096,-0.0008289999999999999
2097,0.000362
2098,-0.0017280000000000002
2099,-0.012798
2100,-0.011241
2101,0.0025239999999999998
2102,-0.0018690000000000002
2103,-0.016841
2104,-0.006698999999999999
2105,0.004136
2106,-0.003914
2107,-0.0043490000000000004
2108,0.001583
2109,0.01137
2110,0.005719
2111,-0.015872999999999998
2112,0.008135
2113,0.012298
2114,0.001952
2115,-0.017799000000000002
2116,-0.0011380000000000001
2117,-0.006092
2118,0.001417
2119,-0.004475
2120,-0.012695999999999999
2121,-0.010279
2122,0.005189
2123,0.021235
2124,-0.003677
2125,-0.009108
2126,-1.6e-05
2127,0.00974
2128,-0.00527
2129,-0.000883
2130,0.004869
2131,-0.009082999999999999
2132,0.005487
2133,0.021565
2134,-0.002097
2135,0.007864
2136,-0.007248
2137,0.002494
2138,-0.006749
2139,0.001469
2140,0.0040869999999999995
2141,-0.010938
2142,-0.012958
2143,-0.004902
2144,-0.0013830000000000001
2145,0.0019190000000000001
2146,0.018555000000000002
2147,-0.008477
2148,-0.007076000000000001
2149,0.016625
2150,0.00632
2151,-0.00037799999999999997
2152,-0.004099
2153,0.012151
2154,-0.001478
2155,-0.004496
2156,0.0060030000000000005
2157,0.0013449999999999998
2158,-0.0007099999999999999
2159,-0.002806
2160,-0.0033619999999999995
2161,-0.0043490000000000004
2162,0.004628
2163,-0.003986
2164,0.00116
2165,0.013696000000000002
2166,0.007661
2167,0.001582
2168,0.003714
2169,-0.00367
2170,0.001001
2171,-0.004488000000000001
2172,0.002374
2173,-0.0007480000000000001
2174,0.0051649999999999995
2175,0.0019199999999999998
2176,-7.000000000000001e-06
2177,-0.00034500000000000004
2178,0.005514
2179,0.0017079999999999999
2180,-0.009891
2181,-0.004799
2182,0.003786
2183,0.00047699999999999994
2184,0.010442
2185,0.0037770000000000004
2186,-0.001358
2187,0.002727
2188,0.000992
2189,-0.002172
2190,0.005211
2191,-0.0053950000000000005
2192,-0.0024649999999999997
2193,0.008815
2194,0.007515999999999999
2195,0.00018700000000000002
2196,0.0019149999999999998
2197,-0.002464
2198,-0.0033909999999999995
2199,0.002095
2200,0.012075
2201,0.002221
2202,-0.002689
2203,0.0008
2204,0.002043
2205,-0.0025629999999999997
2206,0.009541
2207,0.0020469999999999998
2208,0.0025109999999999998
2209,-0.0036520000000000003
2210,0.0014
2211,0.000732
2212,0.001199
2213,0.006152
2214,0.000261
2215,0.003513
2216,0.004963
2217,-0.008451
2218,0.00042800000000000005
2219,7.000000000000001e-06
2220,-0.007351000000000001
2221,-0.000343
2222,-0.002223
2223,0.011346
2224,0.0022170000000000002
2225,0.002082
2226,-0.005332
2227,0.001864
2228,0.002549
2229,0.0063560000000000005
2230,0.002404
2231,0.002284
2232,0.0010279999999999998
2233,-0.000499
2234,0.0016489999999999999
2235,0.002338
2236,-0.003655
2237,-0.013597
2238,0.0034869999999999996
2239,0.009201
2240,0.0008210000000000001
2241,-0.002798
2242,0.008884999999999999
2243,0.004002
2244,-0.001314
2245,-0.0039700000000000004
2246,0.001811
2247,0.002269
2248,-0.001047
2249,0.001168
2250,0.008689
2251,0.0011220000000000002
2252,-0.00323
2253,0.0021579999999999998
2254,-0.001416
2255,-0.0036729999999999996
2256,-0.0053159999999999995
2257,0.004352
2258,0.007015
2259,-0.001478
2260,-0.0045130000000000005
2261,2.8000000000000003e-05
2262,-0.006084
2263,0.0022199999999999998
2264,-0.000516
2265,0.0019399999999999999
2266,0.006339
2267,0.0048530000000000005
2268,0.000817
2269,-0.000893
2270,-0.00297
2271,0.002895
2272,-0.0052770000000000004
2273,0.0035409999999999994
2274,0.008501
2275,-0.011269
2276,-0.001207
2277,-0.0010960000000000002
2278,0.005772
2279,0.006592
2280,0.005353
2281,0.0016940000000000002
2282,-0.0009660000000000001
2283,0.000698
2284,0.001395
2285,-0.001179
2286,-0.007077
2287,-0.003261
2288,0.007597
2289,0.007644
2290,0.001037
2291,-0.0008710000000000001
2292,0.002844
2293,-0.0014039999999999999
2294,-0.000857
2295,-0.003563
2296,-0.001254
2297,-0.034725
2298,0.00556
2299,-0.002594
2300,-0.011401999999999999
2301,-0.009406999999999999
2302,0.015493
2303,-0.0024649999999999997
2304,0.007126
2305,0.000684
2306,0.002673
2307,-0.020368
2308,0.006691
2309,0.0036829999999999996
2310,-0.0038280000000000002
2311,0.010894
2312,0.006333
2313,0.01708
2314,-0.000348
2315,0.001094
2316,0.000967
2317,-0.006184
2318,-0.007965
2319,0.003739
2320,-0.001173
2321,0.002597
2322,0.00928
2323,0.001112
2324,0.0030489999999999996
2325,0.000588
2326,0.002616
2327,-0.006572
2328,0.006206000000000001
2329,0.003488
2330,0.010751
2331,0.002049
2332,0.0006929999999999999
2333,-0.001202
2334,0.00926
2335,-0.002304
2336,-0.00035099999999999997
2337,0.010139
2338,-0.000782
2339,-0.00011999999999999999
2340,-0.00783
2341,0.002651
2342,0.0064719999999999995
2343,0.004325
2344,0.002149
2345,0.0025629999999999997
2346,-0.001165
2347,0.0032229999999999997
2348,-0.013956
2349,0.009641
2350,-0.0017929999999999999
2351,-0.001303
2352,0.008626
2353,-0.000918
2354,0.0066099999999999996
2355,0.0015429999999999999
2356,-0.000642
2357,-0.001207
2358,-0.009701999999999999
2359,0.005452
2360,0.00157
2361,0.007983
2362,0.000254
2363,0.003737
2364,0.001848
2365,-0.005347
2366,-0.008863
2367,-0.017569
2368,0.01137
2369,0.0009609999999999999
2370,-0.010681
2371,0.015184
2372,0.004816
2373,0.0065260000000000006
2374,-0.001213
2375,0.00173
2376,-0.013600999999999999
2377,0.00618
2378,-0.012894999999999998
2379,-0.003207
2380,-0.0032380000000000004
2381,0.009009
2382,-0.00041799999999999997
2383,-0.001567
2384,0.010695999999999999
2385,0.00358
2386,0.00034700000000000003
2387,0.003304
2388,0.000921
2389,-0.014185
2390,0.005721
2391,0.019055000000000002
2392,0.003101
2393,-0.0019190000000000001
2394,-9.6e-05
2395,-0.002065
2396,0.004469
2397,-0.01222
2398,0.004869
2399,-0.019804
2400,0.004665
2401,-0.023338
2402,-0.015991
2403,0.010253
2404,-0.012646
2405,0.007242
2406,0.004359
2407,-0.026586000000000002
2408,0.024151
2409,0.006159
2410,0.014071
2411,-0.029649000000000002
2412,0.00037799999999999997
2413,-0.000495
2414,-0.018156
2415,-0.013907
2416,0.0032479999999999996
2417,0.024566
2418,-0.000269
2419,0.001086
2420,0.011712
2421,-0.001072
2422,0.011535
2423,-0.008503
2424,-0.023472999999999997
2425,0.021921
2426,-0.004181
2427,0.011216
2428,0.010468
2429,-0.011501
2430,0.004251
2431,-0.016908000000000003
2432,-0.0012720000000000001
2433,0.013632
2434,4.7e-05
2435,0.008419
2436,0.000202
2437,-0.00512
2438,0.029207999999999998
2439,0.006086
2440,-0.006723000000000001
2441,0.004609
2442,-0.005256
2443,-0.000342
2444,0.005411
2445,0.003907
2446,-0.003023
2447,0.013288999999999999
2448,-0.000265
2449,-0.0045509999999999995
2450,0.0021100000000000003
2451,0.009559999999999999
2452,-0.0032159999999999997
2453,0.008095999999999999
2454,-0.0017120000000000002
2455,-0.005158
2456,0.0047539999999999995
2457,-0.008381
2458,-0.006573000000000001
2459,0.001761
2460,-0.000752
2461,-0.025615
2462,0.0037979999999999997
2463,0.008801999999999999
2464,-0.002441
2465,-0.000976
2466,0.013787
2467,0.0037119999999999996
2468,-0.006462999999999999
2469,0.011992000000000001
2470,-0.026423000000000002
2471,0.000802
2472,-0.004954
2473,0.012048999999999999
2474,-0.029369
2475,-0.000576
2476,-0.014286000000000002
2477,-0.009988
2478,0.029092000000000003
2479,-0.007069
2480,-0.013212
2481,0.005229999999999999
2482,-0.01746
2483,0.0044859999999999995
2484,-0.015926
2485,0.016890000000000002
2486,-0.023237999999999998
2487,0.01493
2488,0.028558999999999998
2489,0.00047599999999999997
2490,0.00777
2491,-0.005887
2492,-0.006540000000000001
2493,0.01519
2494,0.015036
2495,-0.001777
2496,0.007509999999999999
2497,-0.025271000000000002
2498,0.00605
2499,0.001224
2500,-0.013746000000000001
2501,-0.015019999999999999
2502,0.006279
2503,-0.0013599999999999999
2504,0.0049
2505,0.016669
2506,0.008076999999999999
2507,0.000808
2508,-0.014215
2509,0.0014349999999999999
2510,-0.006851
2511,-0.014437
2512,0.0
2513,-0.024551
2514,0.0032229999999999997
2515,-0.018352
2516,0.013624
2517,0.007948
2518,-0.013595
2519,0.01087
2520,-0.024924
2521,-0.005612
2522,-0.029092000000000003
2523,-0.006045
2524,-0.011085
2525,0.021442
2526,0.010062
2527,-0.015871
2528,0.017555
2529,0.006152
2530,-0.004764
2531,0.016772
2532,0.012237
2533,-0.010462
2534,-0.031994999999999996
2535,-0.0076230000000000004
2536,0.007885
2537,-0.004203
2538,0.005889
2539,0.007265000000000001
2540,0.013604
2541,-0.013421
2542,0.000837
2543,-0.0008960000000000001
2544,0.00834
2545,-0.012866999999999998
2546,0.00788
2547,0.013812
2548,0.006917
2549,-0.000919
2550,-0.008941
2551,-0.027089
2552,0.000533
2553,-0.003447
2554,0.0052380000000000005
2555,-0.022012999999999998
2556,-0.008409999999999999
2557,-0.015463
2558,0.037129
2559,-0.008995
2560,0.0051259999999999995
2561,-0.020783000000000003
2562,-0.008958
2563,0.042408999999999995
2564,-0.024287
2565,0.023944
2566,0.015321000000000001
2567,0.002303
2568,-0.008765
2569,-0.01146
2570,-0.00795
2571,0.005686999999999999
2572,0.035896
2573,-0.001934
2574,0.001301
2575,0.000796
2576,0.0015609999999999999
2577,-0.0051
2578,-0.008092
2579,0.0044740000000000005
2580,-0.020374
2581,-0.0033829999999999997
2582,0.004599
2583,0.022691
2584,0.0006219999999999999
2585,0.018139
2586,-0.001553
2587,-0.00881
2588,0.0028989999999999997
2589,0.006442
2590,0.006494
2591,-0.001051
2592,-0.0038880000000000004
2593,-0.003846
2594,0.01714
2595,0.003235
2596,-0.004533
2597,0.007651000000000001
2598,-0.018113
2599,0.003669
2600,-0.006725
2601,0.01102
2602,-0.000384
2603,0.004005
2604,0.010584
2605,0.00125
2606,0.000898
2607,-0.009273
2608,-0.016053
2609,0.002617
2610,-0.01321
2611,0.006846
2612,0.003961999999999999
2613,0.005334
2614,0.001516
2615,-0.010504000000000001
2616,-0.005787
2617,-0.00032599999999999996
2618,0.019496
2619,-0.030889
2620,0.000793
2621,-0.002438
2622,-0.016894
2623,0.003279
2624,0.015046
2625,8e-05
2626,-0.006770999999999999
2627,-0.009711
2628,0.003752
2629,-0.018542
2630,5.3e-05
2631,-0.002814
2632,0.005843
2633,-0.029365
2634,-0.0037170000000000003
2635,0.001267
2636,0.0038350000000000003
2637,-0.018203
2638,0.001093
2639,-0.008385
2640,0.01708
2641,-0.022775999999999998
2642,0.006989
2643,-0.011089
2644,-0.009027
2645,-0.010901000000000001
2646,0.025063
2647,0.012012
2648,0.000285
2649,-0.000539
2650,0.013491999999999999
2651,0.004064
2652,-0.023124000000000002
2653,0.0041670000000000006
2654,-0.018596
2655,0.023356000000000002
2656,0.016671000000000002
2657,-0.013143
2658,0.0
2659,-0.008966
2660,0.028718
2661,0.0033539999999999998
2662,-0.017933
2663,0.023892
2664,0.006942
2665,-0.01205
2666,-0.002915
2667,0.005521
2668,0.004076
2669,0.0
2670,-0.009314
2671,0.006197
2672,0.002495
2673,0.011332
2674,-0.019625
2675,0.003686
2676,0.007982
2677,0.01484
2678,-0.013722999999999999
2679,-0.004092
2680,-0.0020350000000000004
2681,-0.029922000000000004
2682,0.00443
2683,0.02051
2684,-0.034138
2685,0.006149
2686,0.013806
2687,0.002121
2688,-0.047135
2689,0.017514
2690,-0.047132
2691,0.043341000000000005
2692,0.040256
2693,-0.038236
2694,-0.015632
2695,-0.001977
2696,0.019656
2697,0.0
2698,-0.087897
2699,0.054202999999999994
2700,-0.004543999999999999
2701,-0.040291
2702,-0.013506
2703,-0.038518000000000004
2704,-0.057395
2705,-0.011333
2706,-0.076167
2707,-0.011759
2708,0.1158
2709,-0.0053219999999999995
2710,-0.09035
2711,0.042506999999999996
2712,-0.006213000000000001
2713,0.047685000000000005
2714,-0.0308
2715,-0.061013
2716,0.012634000000000001
2717,-0.034511
2718,-0.031764
2719,0.10789000000000001
2720,-0.011079
2721,0.025804
2722,0.015365
2723,-0.002529
2724,0.040826
2725,-0.052677
2726,-0.050263999999999996
2727,0.028855000000000002
2728,-0.012653
2729,-0.022040999999999998
2730,-0.051894
2731,0.069213
2732,-0.041699
2733,-0.025810000000000003
2734,0.009838
2735,-0.061155999999999995
2736,-0.067123
2737,0.063248
2738,0.064723
2739,0.006551
2740,0.035328
2741,0.009553
2742,-0.089295
2743,0.039939999999999996
2744,0.025836
2745,-0.029307999999999997
2746,0.036499000000000004
2747,0.038387
2748,-0.023117
2749,0.011894
2750,-0.028524
2751,0.007028
2752,-0.012685
2753,0.05136
2754,-0.009592
2755,-0.021162
2756,0.002936
2757,-0.018302000000000002
2758,-0.009717
2759,0.0057810000000000005
2760,0.0053560000000000005
2761,-0.003872
2762,0.024406999999999998
2763,0.007298000000000001
2764,0.031608
2765,-0.004668
2766,0.007817000000000001
2767,-0.030008999999999997
2768,0.003397
2769,-0.021303
2770,-0.022563999999999997
2771,0.0017579999999999998
2772,-0.033458999999999996
2773,0.0013289999999999999
2774,0.007561
2775,-0.052815999999999995
2776,0.043491
2777,-0.015162
2778,0.005377000000000001
2779,0.005553
2780,0.010925
2781,0.033557
2782,-0.03312
2783,-0.022789
2784,-0.000532
2785,0.015833
2786,-0.007489
2787,0.016365
2788,0.026895999999999996
2789,0.001485
2790,-0.049121
2791,0.007954000000000001
2792,0.001739
2793,-0.009997
2794,-0.045558
2795,-0.00095
2796,-0.012024
2797,-0.011412
2798,-0.034699
2799,0.040103
2800,-0.010657
2801,-0.015778999999999998
2802,-0.023563999999999998
2803,-0.04662
2804,-0.006406
2805,0.023753
2806,-0.042532
2807,0.001216
2808,-0.010023
2809,0.063663
2810,0.002445
2811,0.040728
2812,0.007739
2813,-0.003515
2814,0.032139
2815,0.020857
2816,-0.012979
2817,-0.019769
2818,0.070757
2819,-0.020415
2820,0.009626000000000001
2821,0.02332
2822,-0.020315
2823,-0.034818
2824,0.013129
2825,0.016556
2826,0.028727
2827,0.009731
2828,-0.008331999999999999
2829,-0.023854
2830,0.011783
2831,0.038053
2832,0.0025329999999999997
2833,-0.020064
2834,0.012549
2835,0.015538
2836,0.0049689999999999995
2837,-0.042789
2838,0.021252
2839,-0.007562
2840,0.010041
2841,0.016916
2842,-0.009947
2843,-0.00262
2844,0.021729
2845,-0.0008300000000000001
2846,0.005515
2847,0.033987
2848,-0.003672
2849,0.017523
2850,-0.013082
2851,0.024188
2852,-0.021391999999999998
2853,-0.000859
2854,-0.026775
2855,0.010471
2856,-0.011290000000000001
2857,0.030507999999999997
2858,-0.0016170000000000002
2859,-0.005011
2860,-0.016634
2861,-0.001374
2862,0.026425
2863,-0.018848
2864,0.015541
2865,0.013696999999999999
2866,0.025932999999999998
2867,0.0020989999999999997
2868,-0.013623
2869,0.011599
2870,-0.002398
2871,-0.0008939999999999999
2872,0.003619
2873,-0.0033640000000000002
2874,0.006228
2875,0.001513
2876,-0.023652
2877,-0.012604
2878,-0.001265
2879,0.008527
2880,0.00323
2881,-0.030483999999999997
2882,0.0024219999999999997
2883,0.008003
2884,0.02156
2885,-0.001361
2886,0.009181
2887,-0.008414
2888,0.004481000000000001
2889,-0.029024
2890,0.0026850000000000003
2891,-0.019563
2892,-0.0015480000000000001
2893,0.0036659999999999996
2894,-0.0039020000000000005
2895,0.025053
2896,0.005435
2897,0.029749
2898,0.008761
2899,-0.000263
2900,0.011551
2901,0.003746
2902,-0.000414
2903,0.023409
2904,0.0031609999999999997
2905,0.003101
2906,-0.002486
2907,-0.004443
2908,0.012015000000000001
2909,0.000859
2910,0.015447
2911,0.003117
2912,-0.0028079999999999997
2913,-0.005519
2914,0.013544
2915,-0.003239
2916,-0.012555
2917,0.01163
2918,0.006984999999999999
2919,-0.008426000000000001
2920,-0.024155000000000003
2921,0.01025
2922,0.006965000000000001
2923,0.011053
2924,0.018727
2925,-0.00044
2926,0.0024739999999999996
2927,0.000221
2928,0.002886
2929,-0.001883
2930,-0.007970999999999999
2931,-0.022018
2932,-0.0032259999999999997
2933,0.008604
2934,0.013187
2935,0.008914
2936,0.007852
2937,0.010492
2938,-0.00128
2939,0.006409000000000001
2940,0.0032049999999999995
2941,0.015393
2942,-0.002989
2943,0.002707
2944,-0.0033369999999999997
2945,0.006644
2946,-0.009998
2947,-0.009441
2948,-0.00602
2949,0.017879
2950,-0.002159
2951,-0.003258
2952,-0.025689
2953,-0.004435000000000001
2954,0.014943999999999999
2955,0.013775
2956,0.002781
2957,0.007539
2958,0.00571
2959,0.004456
2960,-0.0027170000000000002
2961,0.017615000000000002
2962,0.004227000000000001
2963,-0.008028
2964,0.009475
2965,-0.006169
2966,-0.008783
2967,0.010713
2968,-0.012107999999999999
2969,-0.011647
2970,-0.003247
2971,-0.019471000000000002
2972,0.022588999999999998
2973,-0.027993999999999998
2974,0.0065260000000000006
2975,0.002495
2976,0.001112
2977,0.019305000000000003
2978,0.002573
2979,0.022308
2980,5e-06
2981,0.005101
2982,-0.010189
2983,0.005809
2984,0.014537000000000001
2985,0.000989
2986,-0.000398
2987,-0.013355
2988,-0.003145
2989,0.013685
2990,-0.000463
2991,0.004574
2992,-0.017163
2993,0.0038619999999999995
2994,0.012145
2995,0.000412
2996,-0.008331999999999999
2997,0.005579
2998,-0.002398
2999,-0.010181
3000,0.003742
3001,0.005909
3002,0.003752
3003,0.0070290000000000005
3004,-0.005477
3005,0.001198
3006,-0.01174
3007,0.005899000000000001
3008,0.010573
3009,0.003633
3010,0.002368
3011,0.005326
3012,0.0012230000000000001
3013,-0.0013310000000000002
3014,0.000265
3015,-0.009979
3016,0.016113
3017,0.0031850000000000003
3018,0.000615
3019,0.004071
3020,0.002951
3021,0.001816
3022,-0.009311
3023,0.008395
3024,0.002496
3025,-0.010753
3026,0.012569
3027,-0.010528000000000001
3028,-0.018874000000000002
3029,-0.022071
3030,0.004667
3031,-0.0041329999999999995
3032,0.00495
3033,-0.011747
3034,-0.009759
3035,0.014336000000000002
3036,0.013041999999999998
3037,-0.005404
3038,-0.03107
3039,0.002967
3040,-0.008793
3041,0.013109
3042,-0.0021620000000000003
3043,0.00975
3044,-0.0026739999999999997
3045,0.01807
3046,0.004307
3047,0.006654
3048,0.0022559999999999998
3049,-0.000975
3050,-0.012032
3051,0.00979
3052,-0.0020109999999999998
3053,0.001475
3054,0.010228000000000001
3055,0.0024
3056,0.000499
3057,0.0038060000000000004
3058,0.014077000000000001
3059,-0.000105
3060,0.001782
3061,0.004594
3062,0.004111
3063,-0.000147
3064,0.000522
3065,0.007849
3066,0.0058909999999999995
3067,-0.00025499999999999996
3068,-0.005016
3069,0.0051649999999999995
3070,0.007240000000000001
3071,-0.005423
3072,-0.001634
3073,0.000807
3074,0.005753
3075,0.00011200000000000001
3076,-0.003203
3077,0.007483
3078,0.007997
3079,0.001754
3080,-0.005806
3081,0.0034439999999999996
3082,0.006753
3083,0.001836
3084,0.000755
3085,0.011219
3086,0.0009119999999999999
3087,-0.016056
3088,0.004591
3089,0.008128
3090,-0.000949
3091,0.002333
3092,0.007193000000000001
3093,-0.004226
3094,-0.023311000000000002
3095,0.006533
3096,0.013013999999999998
3097,-0.016576
3098,0.013191
3099,-0.023767
3100,-0.006490000000000001
3101,-0.032307
3102,-0.015237
3103,0.044045
3104,-0.003326
3105,0.01381
3106,-0.012074
3107,-0.018729
3108,0.00118
3109,-0.014125
3110,-0.005059
3111,-0.038904
3112,0.005893
3113,-0.012837000000000001
3114,0.000424
3115,-0.0055899999999999995
3116,0.032945999999999996
3117,-0.012303
3118,-0.01708
3119,0.025927
3120,0.004136
3121,-0.034326
3122,-0.013446000000000001
3123,0.011061
3124,-0.005856
3125,0.029591000000000003
3126,0.004464
3127,-0.001719
3128,0.023579
3129,-0.00047000000000000004
3130,0.001368
3131,0.001402
3132,-0.003771
3133,-0.015985
3134,-0.0029
3135,-0.016718
3136,0.002944
3137,-0.001948
3138,-0.030931
3139,-0.010027
3140,-0.0031620000000000003
3141,-0.004582999999999999
3142,0.005437
3143,0.031409
3144,0.009491
3145,0.007281999999999999
3146,0.000811
3147,0.015456999999999999
3148,-7.6e-05
3149,0.001274
3150,-0.028741000000000003
3151,0.00606
3152,0.011493999999999999
3153,-0.012740999999999999
3154,0.022591
3155,0.008298
3156,0.011278
3157,-0.0009699999999999999
3158,-0.006843000000000001
3159,-0.004079999999999999
3160,0.00014099999999999998
3161,0.022106999999999998
3162,-0.004711
3163,0.006135
3164,-0.001183
3165,-0.003619
3166,0.005567
3167,-0.005882
3168,-0.028094
3169,-0.005294
3170,-0.0039380000000000005
3171,0.000205
3172,0.012276
3173,0.001567
3174,-0.01685
3175,-0.003578
3176,-0.003954999999999999
3177,-0.014427
3178,0.0033729999999999997
3179,-0.0076
3180,0.016671000000000002
3181,-0.014634000000000001
3182,0.000475
3183,0.029582
3184,0.009158
3185,0.013296
3186,-0.011393
3187,0.006516
3188,0.00491
3189,0.004941
3190,0.011208
3191,-0.0006349999999999999
3192,0.003619
3193,-0.000286
3194,0.000904
3195,0.015287
3196,-0.002486
3197,-0.0047469999999999995
3198,-0.008253
3199,0.021272
3200,-0.005589
3201,0.004928
3202,-0.002509
3203,-0.003005
3204,0.004493
3205,-0.007958
3206,0.020938
3207,-0.000595
3208,-0.0015689999999999999
3209,0.0061979999999999995
3210,0.00022200000000000003
3211,0.0038950000000000005
3212,0.007197
3213,-0.003564
3214,0.002104
3215,0.00732
3216,-0.0158
3217,0.0106
3218,0.00185
3219,0.0024649999999999997
3220,0.002223
3221,9.300000000000001e-05
3222,-0.002613
3223,0.001201
3224,-0.000362
3225,0.001021
3226,0.007834
3227,0.0037530000000000003
3228,0.019358
3229,0.003998
3230,-0.002045
3231,-0.007976
3232,0.004451
3233,-0.0041659999999999996
3234,-0.011733
3235,-0.001142
3236,-0.016128999999999998
3237,0.00028700000000000004
3238,0.015432
3239,0.0026149999999999997
3240,-0.0014990000000000001
3241,-0.014208000000000002
3242,0.014998
3243,-0.007393
3244,-0.001303
3245,-0.005994
3246,0.021691
3247,0.012891999999999999
3248,0.002677
3249,-0.001224
3250,0.000589
3251,0.003775
3252,0.003915999999999999
3253,0.006075
3254,0.000122
3255,0.000985
3256,-0.0050479999999999995
3257,0.006259000000000001
3258,0.00091
3259,0.0026219999999999998
3260,0.006104
3261,0.003453
3262,-0.00157
3263,0.000686
3264,0.0008449999999999999
3265,0.001083
3266,-0.001434
3267,-0.00011599999999999999
3268,0.011386
3269,-0.001241
3270,0.005079
3271,-0.00205
3272,-0.001772
3273,-0.0013039999999999998
3274,0.003797
3275,0.009079
3276,-0.001638
3277,0.007456
3278,0.001448
3279,-0.010043
3280,-0.001222
3281,0.0024850000000000002
3282,0.005908
3283,0.000335
3284,0.004292
3285,0.002316
3286,-0.01778
3287,0.007734
3288,0.016765000000000002
3289,-0.00265
3290,0.002425
3291,0.002955
3292,0.006311
3293,0.004256
3294,-0.0027140000000000003
3295,0.0008210000000000001
3296,0.005579
3297,0.002456
3298,-0.003163
3299,0.0063289999999999996
3300,0.003147
3301,0.001996
3302,-0.020456000000000002
3303,-0.00604
3304,-0.0009220000000000001
3305,0.010622
3306,0.005632
3307,-0.015667
3308,0.0016870000000000001
3309,0.01729
3310,-0.007306
3311,-0.008269
3312,0.008994
3313,-0.001289
3314,-0.018799
3315,0.0071519999999999995
3316,-0.0059770000000000005
3317,-0.011128
3318,-0.019423
3319,0.01347
3320,0.004374
3321,0.015065
3322,-0.003478
3323,0.0029850000000000002
3324,0.009412
3325,0.0032329999999999998
3326,-0.002675
3327,0.007131
3328,0.006756
3329,-0.001757
3330,0.005038
3331,0.00042
3332,-0.00010400000000000001
3333,0.002259
3334,-0.001444
3335,-0.003929
3336,-0.0027170000000000002
3337,-0.007701
3338,0.000265
3339,0.00015900000000000002
3340,0.004
3341,-0.010942
3342,0.005806
3343,0.013590000000000001
3344,0.005352
3345,-0.001517
3346,0.009054000000000001
3347,0.006325
3348,0.0036299999999999995
3349,0.002376
3350,-0.0016769999999999999
3351,-0.003303
3352,-0.006779
3353,-0.008994
3354,0.0038950000000000005
3355,0.004619
3356,0.008149
3357,-0.011036
3358,0.0049700000000000005
3359,-0.007991
3360,-0.006128
3361,-0.000293
3362,0.008879000000000001
3363,0.0022530000000000002
3364,-0.007612000000000001
3365,-0.01185
3366,-0.000752
3367,0.003258
3368,0.004028
3369,0.004156
3370,0.010668
3371,-0.022709
3372,-0.001149
3373,-0.009658
3374,-0.010684
3375,-0.00088
3376,-0.004111
3377,0.007451999999999999
3378,-0.013904
3379,0.0007440000000000001
3380,0.012687
3381,-0.017356
3382,0.001829
3383,0.00312
3384,0.00547
3385,0.013498
3386,-0.006393
3387,-0.002752
3388,-0.01165
3389,0.009259
3390,0.013019
3391,0.008357999999999999
3392,0.010194
3393,0.014488999999999998
3394,-0.001256
3395,0.0010810000000000001
3396,0.010533
3397,-0.006881
3398,-0.018009999999999998
3399,-0.004353
3400,0.0031850000000000003
3401,-0.0066359999999999995
3402,0.005634
3403,-0.00805
3404,0.016388
3405,-0.00059
3406,0.013625
3407,0.000987
3408,-0.005563
3409,-0.004025
3410,-0.020228
3411,-0.003154
3412,-0.006370000000000001
3413,-0.004045
3414,-0.02547
3415,0.005102000000000001
3416,-0.047733
3417,-0.000488
3418,-0.06654700000000001
3419,0.047493
3420,-0.044062
3421,0.046379000000000004
3422,0.005351
3423,0.021874
3424,-0.009649
3425,0.001036
3426,-0.044504
3427,-0.014919
3428,0.000342
3429,0.034369
3430,0.013203999999999999
3431,-0.015481
3432,0.015205000000000002
3433,0.028364
3434,0.002431
3435,0.005006
3436,-0.01178
3437,-0.02519
3438,-0.007345
3439,0.028737000000000002
3440,-0.010520999999999999
3441,-0.026614
3442,0.007056000000000001
3443,0.009211
3444,0.013569999999999999
3445,0.017278
3446,0.005797
3447,-0.009711
3448,-0.0015689999999999999
3449,-0.029299000000000002
3450,-0.031791
3451,0.006173
3452,0.023427
3453,0.010779
3454,-0.020599
3455,0.008205
3456,-0.024881999999999998
3457,-0.028368
3458,0.02257
3459,0.017947
3460,0.018385
3461,-0.008081
3462,0.034206
3463,0.000625
3464,0.009876000000000001
3465,-0.002891
3466,0.017462000000000002
3467,-0.019287000000000002
3468,0.0205
3469,-0.012567
3470,0.004636
3471,0.01889
3472,0.012953999999999999
3473,-0.019962
3474,0.010618
3475,0.034373
3476,0.000471
3477,-0.024655
3478,-0.027857
3479,0.016188
3480,0.018866
3481,-0.006195
3482,0.006379
3483,0.011819
3484,-0.036610000000000004
3485,0.0087
3486,0.019573
3487,-0.009465000000000001
3488,0.004901
3489,-0.016531
3490,-0.016715
3491,-0.00031
3492,-0.018563999999999997
3493,-0.004056000000000001
3494,-0.02201
3495,-0.002601
3496,0.029324
3497,0.002298
3498,0.043399
3499,-0.0018239999999999999
3500,-0.000157
3501,0.010371
3502,0.001189
3503,0.002102
3504,-0.021057
3505,0.016967
3506,-0.014830000000000001
3507,-0.008602
3508,-0.011264
3509,0.003327
3510,0.0033
3511,-0.011648
3512,0.029908999999999998
3513,0.0020329999999999997
3514,0.008348999999999999
3515,0.009119
3516,0.00016299999999999998
3517,-0.012393000000000001
3518,0.010791
3519,-0.0041990000000000005
3520,0.015553
3521,0.000267
3522,0.003023
3523,-0.002457
3524,0.002341
3525,0.008965
3526,0.000389
3527,0.002416
3528,-0.004868
3529,0.003632
3530,0.011187
3531,0.005018
3532,0.000749
3533,0.000551
3534,-0.0009460000000000001
3535,0.008751
3536,-0.005666
3537,-0.001513
3538,-0.002442
3539,-0.000377
3540,0.008979000000000001
3541,0.001174
3542,0.014684000000000001
3543,-0.000344
3544,0.002102
3545,0.002239
3546,0.001553
3547,-0.006806
3548,0.0068790000000000006
3549,-0.00086
3550,-0.005303
3551,0.011105
3552,0.002428
3553,0.000799
3554,-0.0032600000000000003
3555,0.004351
3556,0.0017510000000000002
3557,0.001434
3558,0.003435
3559,-0.004657
3560,0.006235
3561,-0.003168
3562,-0.0037920000000000002
3563,-0.015291999999999998
3564,0.006978
3565,0.009895000000000001
3566,0.003708
3567,0.00023799999999999998
3568,0.018209
3569,-0.001118
3570,0.006044
3571,0.001196
3572,0.004051
3573,-0.0029230000000000003
3574,-0.0017929999999999999
3575,-0.007129000000000001
3576,0.003186
3577,0.013963
3578,-0.002739
3579,-0.004863
3580,-0.0015300000000000001
3581,0.003776
3582,0.0075829999999999995
3583,-0.00391
3584,-0.010124
3585,-0.00055
3586,-0.01128
3587,-0.017003
3588,0.007527
3589,0.013857
3590,-0.012395999999999999
3591,-0.000425
3592,0.015565
3593,-0.0039759999999999995
3594,-0.005856
3595,0.001247
3596,-0.008329000000000001
3597,0.0037579999999999996
3598,0.013722999999999999
3599,0.006758
3600,0.0024920000000000003
3601,-0.003805
3602,0.005744
3603,-0.0024100000000000002
3604,-0.007573000000000001
3605,-0.016061000000000002
3606,0.000436
3607,-0.004192
3608,-0.0066159999999999995
3609,0.0026030000000000003
3610,-0.0033009999999999997
3611,-0.011027
3612,-0.00566
3613,-0.004318
3614,-0.014965000000000001
3615,-0.0073019999999999995
3616,0.016121
3617,0.000572
3618,0.001779
3619,0.001465
3620,-0.002079
3621,0.011164
3622,-0.014249000000000001
3623,-0.0021899999999999997
3624,-0.024559
3625,0.000192
3626,0.005809
3627,0.023132
3628,-2.3e-05
3629,0.008196
3630,-0.012537000000000001
3631,0.011733
3632,-0.006940000000000001
3633,0.010897
3634,0.01042
3635,0.001527
3636,0.009898
3637,-0.001603
3638,-0.022179
3639,0.0072569999999999996
3640,-0.015872
3641,0.004855
3642,0.009067
3643,-0.002027
3644,0.025002
3645,0.002541
3646,0.006313
3647,-0.004605
3648,-0.00935
3649,-0.001556
3650,-0.008043999999999999
3651,6.6e-05
3652,-0.004905
3653,0.016579
3654,-0.002232
3655,0.007490999999999999
3656,0.006762000000000001
3657,0.002798
3658,-0.009979
3659,-0.008827
3660,-0.008959
3661,-0.000231
3662,0.016622
3663,0.019162000000000002
3664,-0.000401
3665,-0.004234
3666,-0.002947
3667,-0.0072900000000000005
3668,0.019122999999999998
3669,0.002412
3670,0.005189
3671,0.0007030000000000001
3672,0.000496
3673,0.002271
3674,-0.001168
3675,-4.5e-05
3676,0.001222
3677,0.007183
3678,0.001955
3679,6.1e-05
3680,-0.003414
3681,0.000309
3682,-0.007989
3683,0.006537
3684,-0.000405
3685,-0.000725
3686,0.000927
3687,-0.007722
3688,0.005156
3689,-0.001083
3690,-0.000985
3691,0.020516999999999997
3692,0.004131
3693,-0.006065
3694,0.0032159999999999997
3695,0.0021739999999999997
3696,0.016391
3697,0.00404
3698,-0.003042
3699,-0.0011970000000000001
3700,0.001267
3701,-0.000458
3702,6e-06
3703,-0.00215
3704,-0.010419
3705,-0.005654
3706,0.009729999999999999
3707,-0.0043950000000000005
3708,0.002735
3709,0.002738
3710,0.000956
3711,0.000959
3712,0.003711
3713,0.003708
3714,0.007258
3715,0.007261
3716,-0.000234
3717,-0.00023700000000000001
3718,-0.0033689999999999996
3719,-0.003372
3720,-0.009803000000000001
3721,-0.009806
3722,-0.006103
3723,-0.0061
3724,0.000279
3725,0.00028199999999999997
3726,-0.002881
3727,-0.002878
3728,0.008162
3729,0.008165
3730,0.010354
3731,0.010357
3732,0.004204
3733,0.004201
3734,-0.002356
3735,-0.002359
3736,-0.016484
3737,-0.016486
3738,0.000526
3739,0.000523
3740,-0.014359
3741,-0.014356
3742,-0.0029980000000000002
3743,-0.003001
3744,0.003082
3745,0.0030789999999999997
3746,-0.000644
3747,-0.000641
3748,0.00024300000000000002
3749,0.00023999999999999998
3750,0.011013
3751,-0.009292
3752,0.00225
3753,0.007940000000000001
3754,-0.023617
3755,-0.012117000000000001
3756,0.0017850000000000001
3757,0.000217
3758,-0.0038979999999999996
3759,-0.013763999999999998
3760,-0.001506
3761,0.004927
3762,0.019949
3763,0.00075
3764,0.002407
3765,0.013113
3766,-0.0019420000000000001
3767,-0.005139
3768,0.007943
3769,0.0043560000000000005
3770,0.00024900000000000004
3771,-0.004658
3772,-0.001623
3773,0.0016710000000000002
3774,0.003393
3775,0.003007
3776,0.000425
3777,0.006634999999999999
3778,0.000534
3779,-0.006234
3780,-0.0040479999999999995
3781,0.011956999999999999
3782,0.011573
3783,-0.007502
3784,0.005574
3785,-0.009292
3786,-0.002353
3787,-0.0047
3788,-0.001131
3789,-0.010964
3790,-0.010962999999999999
3791,0.017027
3792,0.025488
3793,-0.002
3794,-0.003037
3795,-0.003157
3796,0.002741
3797,0.007682
3798,3.7e-05
3799,-0.0008449999999999999
3800,0.001213
3801,0.00028199999999999997
3802,0.0057280000000000005
3803,0.003488
3804,0.0045130000000000005
3805,0.001592
3806,9.1e-05
3807,0.005529999999999999
3808,-0.0017640000000000002
3809,0.0051909999999999994
3810,-0.003814
3811,-0.002478
